Model,Balanced_Accuracy,Accuracy,Precision_0,Precision_1,Precision_2,Recall_0,Recall_1,Recall_2,F1_0,F1_1,F1_2
Random Forest,0.6944444444444443,0.6944444444444444,0.42857142857142855,0.6666666666666666,0.5714285714285714,0.75,0.6666666666666666,0.6666666666666666,0.5454545454545454,0.6666666666666666,0.6153846153846153
Logistic Regression,0.6944444444444445,0.6944444444444444,0.38461538461538464,1.0,0.5384615384615384,0.8333333333333334,0.6666666666666666,0.5833333333333334,0.5263157894736842,0.8,0.5599999999999999
SVM,0.638888888888889,0.6388888888888888,0.4166666666666667,0.75,0.4117647058823529,0.8333333333333334,0.5,0.5833333333333334,0.5555555555555556,0.6,0.4827586206896552
Decision Tree,0.6666666666666666,0.6666666666666666,0.3684210526315789,0.5714285714285714,0.6,0.5833333333333334,0.6666666666666666,0.75,0.4516129032258065,0.6153846153846153,0.6666666666666665
Naive Bayes,0.5555555555555556,0.5555555555555556,0.2903225806451613,0.6923076923076923,0.25,0.75,0.75,0.16666666666666666,0.4186046511627908,0.7199999999999999,0.2
