Model,Precision_0,Recall_0,F1_0,Precision_1,Recall_1,F1_1,Balanced_Accuracy,Accuracy
Random Forest,0.5454545454545454,0.6666666666666666,0.6,0.5714285714285714,0.4444444444444444,0.5,0.5555555555555556,0.5555555555555556
Logistic Regression,0.625,0.5555555555555556,0.5882352941176471,0.6,0.6666666666666666,0.631578947368421,0.6111111111111112,0.6111111111111112
SVM,0.5,0.4444444444444444,0.47058823529411764,0.5,0.5555555555555556,0.5263157894736842,0.5,0.5
Decision Tree,0.6,0.6666666666666666,0.631578947368421,0.625,0.5555555555555556,0.5882352941176471,0.6111111111111112,0.6111111111111112
KNN,0.6363636363636364,0.7777777777777778,0.7000000000000001,0.7142857142857143,0.5555555555555556,0.6250000000000001,0.6666666666666667,0.6666666666666666
Naive Bayes,0.5,0.4444444444444444,0.47058823529411764,0.5,0.5555555555555556,0.5263157894736842,0.5,0.5
