Model,Precision_0,Recall_0,F1_0,Precision_1,Recall_1,F1_1,Balanced_Accuracy,Accuracy
Random Forest,0.5,0.5555555555555556,0.5263157894736842,0.5,0.4444444444444444,0.47058823529411764,0.5,0.5
Logistic Regression,0.6666666666666666,0.6666666666666666,0.6666666666666666,0.6666666666666666,0.6666666666666666,0.6666666666666666,0.6666666666666666,0.6666666666666666
SVM,0.7142857142857143,0.5555555555555556,0.6250000000000001,0.6363636363636364,0.7777777777777778,0.7000000000000001,0.6666666666666667,0.6666666666666666
Decision Tree,0.42857142857142855,0.3333333333333333,0.375,0.45454545454545453,0.5555555555555556,0.5,0.4444444444444444,0.4444444444444444
KNN,0.7142857142857143,0.5555555555555556,0.6250000000000001,0.6363636363636364,0.7777777777777778,0.7000000000000001,0.6666666666666667,0.6666666666666666
Naive Bayes,0.45454545454545453,0.5555555555555556,0.5,0.42857142857142855,0.3333333333333333,0.375,0.4444444444444444,0.4444444444444444
