Model,Balanced_Accuracy,Accuracy,Precision_0,Precision_1,Recall_0,Recall_1,F1_0,F1_1
Random Forest,1.0,1.0,1.0,1.0,1.0,1.0,1.0,1.0
Logistic Regression,1.0,1.0,1.0,1.0,1.0,1.0,1.0,1.0
SVM,1.0,1.0,1.0,1.0,1.0,1.0,1.0,1.0
Decision Tree,1.0,1.0,1.0,1.0,1.0,1.0,1.0,1.0
Naive Bayes,0.9375,0.9285714285714286,1.0,0.8571428571428571,0.875,1.0,0.9333333333333333,0.9230769230769231
