Model,Balanced_Accuracy,Accuracy,Precision_0,Precision_1,Precision_2,Recall_0,Recall_1,Recall_2,F1_0,F1_1,F1_2
Random Forest,0.4444444444444445,0.4444444444444444,0.2,0.5384615384615384,0.21739130434782608,0.3333333333333333,0.5833333333333334,0.4166666666666667,0.25,0.5599999999999999,0.2857142857142857
Logistic Regression,0.6111111111111112,0.6111111111111112,0.3333333333333333,0.5294117647058824,0.4166666666666667,0.25,0.75,0.8333333333333334,0.28571428571428575,0.6206896551724139,0.5555555555555556
SVM,0.3333333333333333,0.3333333333333333,0.0,0.36363636363636365,0.2,0.0,0.6666666666666666,0.3333333333333333,0.0,0.4705882352941177,0.25
Decision Tree,0.5,0.5,0.2631578947368421,0.4666666666666667,0.3,0.4166666666666667,0.5833333333333334,0.5,0.3225806451612903,0.5185185185185186,0.37499999999999994
Naive Bayes,0.47222222222222227,0.4722222222222222,0.21739130434782608,0.3333333333333333,0.391304347826087,0.4166666666666667,0.25,0.75,0.2857142857142857,0.28571428571428575,0.5142857142857143
