Model,Balanced_Accuracy,Accuracy,Precision_0,Precision_1,Precision_2,Recall_0,Recall_1,Recall_2,F1_0,F1_1,F1_2
Random Forest,0.3888888888888889,0.3888888888888889,0.25,0.29411764705882354,0.2,0.3333333333333333,0.4166666666666667,0.4166666666666667,0.28571428571428575,0.3448275862068966,0.2702702702702703
Logistic Regression,0.4166666666666667,0.4166666666666667,0.21739130434782608,0.6,0.16666666666666666,0.4166666666666667,0.5,0.3333333333333333,0.2857142857142857,0.5454545454545454,0.2222222222222222
SVM,0.2222222222222222,0.2222222222222222,0.11764705882352941,0.125,0.14285714285714285,0.3333333333333333,0.16666666666666666,0.16666666666666666,0.1739130434782609,0.14285714285714288,0.15384615384615383
Decision Tree,0.19444444444444442,0.19444444444444445,0.1111111111111111,0.09090909090909091,0.11764705882352941,0.08333333333333333,0.16666666666666666,0.3333333333333333,0.09523809523809525,0.11764705882352942,0.1739130434782609
Naive Bayes,0.3333333333333333,0.3333333333333333,0.17073170731707318,0.25,0.2727272727272727,0.5833333333333334,0.16666666666666666,0.25,0.2641509433962264,0.2,0.2608695652173913
