Model,Precision_0,Recall_0,F1_0,Precision_1,Recall_1,F1_1,Balanced_Accuracy,Accuracy
Random Forest,0.375,0.3333333333333333,0.35294117647058826,0.4,0.4444444444444444,0.4210526315789474,0.38888888888888884,0.3888888888888889
Logistic Regression,0.3333333333333333,0.3333333333333333,0.3333333333333333,0.3333333333333333,0.3333333333333333,0.3333333333333333,0.3333333333333333,0.3333333333333333
SVM,0.35714285714285715,0.5555555555555556,0.43478260869565216,0.0,0.0,0.0,0.2777777777777778,0.2777777777777778
Decision Tree,0.125,0.1111111111111111,0.11764705882352941,0.2,0.2222222222222222,0.2105263157894737,0.16666666666666666,0.16666666666666666
KNN,0.3333333333333333,0.3333333333333333,0.3333333333333333,0.3333333333333333,0.3333333333333333,0.3333333333333333,0.3333333333333333,0.3333333333333333
Naive Bayes,0.5555555555555556,0.5555555555555556,0.5555555555555556,0.5555555555555556,0.5555555555555556,0.5555555555555556,0.5555555555555556,0.5555555555555556
