Model,Precision_0,Recall_0,F1_0,Precision_1,Recall_1,F1_1,Balanced_Accuracy,Accuracy
Random Forest,0.42857142857142855,0.3333333333333333,0.375,0.45454545454545453,0.5555555555555556,0.5,0.4444444444444444,0.4444444444444444
Logistic Regression,0.5,0.4444444444444444,0.47058823529411764,0.5,0.5555555555555556,0.5263157894736842,0.5,0.5
SVM,0.625,0.5555555555555556,0.5882352941176471,0.6,0.6666666666666666,0.631578947368421,0.6111111111111112,0.6111111111111112
Decision Tree,0.5,0.4444444444444444,0.47058823529411764,0.5,0.5555555555555556,0.5263157894736842,0.5,0.5
KNN,1.0,0.1111111111111111,0.19999999999999998,0.5294117647058824,1.0,0.6923076923076924,0.5555555555555556,0.5555555555555556
Naive Bayes,0.625,0.5555555555555556,0.5882352941176471,0.6,0.6666666666666666,0.631578947368421,0.6111111111111112,0.6111111111111112
