Model,Balanced_Accuracy,Accuracy,Precision_0,Precision_1,Precision_2,Recall_0,Recall_1,Recall_2,F1_0,F1_1,F1_2
Random Forest,0.4444444444444445,0.4444444444444444,0.29411764705882354,0.2222222222222222,0.3333333333333333,0.4166666666666667,0.3333333333333333,0.5833333333333334,0.3448275862068966,0.26666666666666666,0.4242424242424242
Logistic Regression,0.4166666666666667,0.4166666666666667,0.16666666666666666,0.3333333333333333,0.3333333333333333,0.3333333333333333,0.3333333333333333,0.5833333333333334,0.2222222222222222,0.3333333333333333,0.4242424242424242
SVM,0.4166666666666667,0.4166666666666667,0.09090909090909091,0.2413793103448276,0.4117647058823529,0.08333333333333333,0.5833333333333334,0.5833333333333334,0.08695652173913043,0.34146341463414637,0.4827586206896552
Decision Tree,0.3333333333333333,0.3333333333333333,0.1,0.09090909090909091,0.4444444444444444,0.16666666666666666,0.16666666666666666,0.6666666666666666,0.125,0.11764705882352942,0.5333333333333333
Naive Bayes,0.4166666666666667,0.4166666666666667,0.14285714285714285,0.25,0.3684210526315789,0.16666666666666666,0.5,0.5833333333333334,0.15384615384615383,0.3333333333333333,0.4516129032258065
