Model,Precision_0,Recall_0,F1_0,Precision_1,Recall_1,F1_1,Balanced_Accuracy,Accuracy
Random Forest,0.3,0.3333333333333333,0.3157894736842105,0.25,0.2222222222222222,0.23529411764705882,0.2777777777777778,0.2777777777777778
Logistic Regression,0.4444444444444444,0.4444444444444444,0.4444444444444444,0.4444444444444444,0.4444444444444444,0.4444444444444444,0.4444444444444444,0.4444444444444444
SVM,0.42857142857142855,0.3333333333333333,0.375,0.45454545454545453,0.5555555555555556,0.5,0.4444444444444444,0.4444444444444444
Decision Tree,0.5555555555555556,0.5555555555555556,0.5555555555555556,0.5555555555555556,0.5555555555555556,0.5555555555555556,0.5555555555555556,0.5555555555555556
KNN,0.6666666666666666,0.4444444444444444,0.5333333333333333,0.5833333333333334,0.7777777777777778,0.6666666666666666,0.6111111111111112,0.6111111111111112
Naive Bayes,0.375,0.3333333333333333,0.35294117647058826,0.4,0.4444444444444444,0.4210526315789474,0.38888888888888884,0.3888888888888889
