Model,Balanced_Accuracy,Accuracy,Precision_0,Precision_1,Recall_0,Recall_1,F1_0,F1_1
Random Forest,0.6470588235294118,0.6470588235294118,0.4782608695652174,0.4782608695652174,0.6470588235294118,0.6470588235294118,0.55,0.55
Logistic Regression,0.5588235294117647,0.5588235294117647,0.4117647058823529,0.375,0.4117647058823529,0.7058823529411765,0.4117647058823529,0.48979591836734687
SVM,0.6470588235294117,0.6470588235294118,0.5294117647058824,0.4482758620689655,0.5294117647058824,0.7647058823529411,0.5294117647058824,0.5652173913043479
Decision Tree,0.5882352941176471,0.5882352941176471,0.4074074074074074,0.42857142857142855,0.6470588235294118,0.5294117647058824,0.5,0.4736842105263158
Naive Bayes,0.5882352941176471,0.5882352941176471,0.4444444444444444,0.4,0.47058823529411764,0.7058823529411765,0.45714285714285713,0.5106382978723405
